{
  "project_info": {
    "project_number": "768247732036",
    "project_id": "agrodoc-backend",
    "storage_bucket": "agrodoc-backend.firebasestorage.app"
  },
  "client": [
    {
      "client_info": {
        "mobilesdk_app_id": "1:768247732036:android:0c4ca025a8cf6c03d92911",
        "android_client_info": {
          "package_name": "com.example.agro_doc"
        }
      },
      "oauth_client": [
        {
          "client_id": "768247732036-lc0cg1jsr2u37m7s1n5docq98bhcpbrh.apps.googleusercontent.com",
          "client_type": 1,
          "android_info": {
            "package_name": "com.example.agro_doc",
            "certificate_hash": "8fbd4c91f3f259bd3318fd0ebba787755a4d9bac"
          }
        },
        {
          "client_id": "768247732036-ctv0k0905h3kmt9rb95ghuct0224sjlv.apps.googleusercontent.com",
          "client_type": 3
        }
      ],
      "api_key": [
        {
          "current_key": "AIzaSyAi-0lQLx-1wMmBgkjciZjZXz4BphYkSOE"
        }
      ],
      "services": {
        "appinvite_service": {
          "other_platform_oauth_client": [
            {
              "client_id": "768247732036-ctv0k0905h3kmt9rb95ghuct0224sjlv.apps.googleusercontent.com",
              "client_type": 3
            }
          ]
        }
      }
    }
  ],
  "configuration_version": "1"
}