{"flutter":{"platforms":{"android":{"default":{"projectId":"agrodoc-backend","appId":"1:768247732036:android:0c4ca025a8cf6c03d92911","fileOutput":"android/app/google-services.json"}},"dart":{"lib/firebase_options.dart":{"projectId":"agrodoc-backend","configurations":{"android":"1:768247732036:android:0c4ca025a8cf6c03d92911","ios":"1:768247732036:ios:046f5627c33afb5cd92911","macos":"1:768247732036:ios:046f5627c33afb5cd92911","web":"1:768247732036:web:53627f949aebb23bd92911","windows":"1:768247732036:web:911cde4e5031f54fd92911"}}}}}}